"stratum","percentile","t","p","est","se","dof","type","radius"
"all","all",-6.91529473702179,5.33773935038682e-12,-2.58433325786733,0.373712669690247,4416,"total",100
"all","all",-8.50987881630117,2.35447740204167e-17,-6.73964229114784,0.791978644659153,4416,"total",200
"all","all",-14.6750959481502,1.21261172283807e-47,-32.9823409553996,2.24750428017181,4416,"total",500
"all","all",-6.21791589918334,5.50389684328682e-10,-1.9635499207607,0.315789076693461,4416,"nonviolent",100
"all","all",-8.44142130366974,4.19960354226407e-17,-5.82114557391895,0.689593063124135,4416,"nonviolent",200
"all","all",-15.542923232161,4.4242951194406e-53,-31.8675571654969,2.05029367317194,4416,"nonviolent",500
"all","all",-4.78546317520365,1.76163988760747e-06,-0.620783337106633,0.12972272784864,4416,"violent",100
"all","all",-3.6958510843291,0.000221808133665936,-0.918496717228888,0.248521029736138,4416,"violent",200
"all","all",-1.93824713616823,0.0526567330282484,-1.11478378990265,0.575150489893923,4416,"violent",500
