"stratum","percentile","t","p","est","se","dof","type","radius"
"all","all",-6.16501153439186,7.67464552182965e-10,-2.34768883878241,0.380808507118876,4434,"total",100
"all","all",-3.69466559094907,0.000222831428789468,-3.05727170236753,0.827482657661094,4434,"total",200
"all","all",-9.85414926232751,1.12277191808208e-22,-21.2890642615558,2.16041625662644,4434,"total",500
"all","all",-5.85928374208028,4.98536632439187e-09,-1.89605411499436,0.323598275566902,4434,"nonviolent",100
"all","all",-3.73439575683971,0.000190528937063224,-2.7271702367531,0.730284205084094,4434,"nonviolent",200
"all","all",-10.3034535080254,1.28562173756865e-24,-20.63900789177,2.00311554525813,4434,"nonviolent",500
"all","all",-3.45343684312518,0.000558671919385783,-0.45163472378805,0.130778335989299,4434,"violent",100
"all","all",-1.37328282952072,0.169733874115745,-0.330101465614431,0.240373984527016,4434,"violent",200
"all","all",-1.17237106498726,0.241111094937402,-0.650056369785795,0.554480052604217,4434,"violent",500
