"stratum","percentile","t","p","est","se","dof","type","radius"
"all","all",-7.96699912470951,2.04103103721451e-15,-3.05082872928177,0.382933232642097,4524,"total",100
"all","all",-6.0295741458712,1.77481063868671e-09,-4.73723756906077,0.785667022986131,4524,"total",200
"all","all",-10.9481358987125,1.4993276501913e-27,-24.067182320442,2.19829042524694,4524,"total",500
"all","all",-7.26674200395087,4.3157824570198e-13,-2.32309392265193,0.319688509842359,4524,"nonviolent",100
"all","all",-5.74706427526673,9.67676380337412e-09,-3.95646408839779,0.688432197535178,4524,"nonviolent",200
"all","all",-11.0460678478447,5.20772386921536e-28,-22.3076243093923,2.01950817401007,4524,"nonviolent",500
"all","all",-5.50413706218676,3.9148144933219e-08,-0.727734806629834,0.132215967445533,4524,"violent",100
"all","all",-3.19225079781379,0.00142135476664349,-0.780773480662983,0.244584003612026,4524,"violent",200
"all","all",-3.24448658440908,0.00118518199463837,-1.75955801104972,0.542322480082067,4524,"violent",500
