"stratum","percentile","t","p","est","se","dof","type","radius"
"all","all",-6.07360159783056,1.35806659079626e-09,-2.34965357967667,0.386863303730022,4329,"total",100
"all","all",-5.57597793777006,2.61126698612346e-08,-4.57205542725173,0.819955795786413,4329,"total",200
"all","all",-12.1478910464902,2.04734181621694e-33,-26.515935334873,2.18276038477758,4329,"total",500
"all","all",-5.7627518014244,8.85003512905388e-09,-1.86997690531178,0.324493743570488,4329,"nonviolent",100
"all","all",-5.61113313521277,2.13552681373105e-08,-4.02494226327945,0.717313627441995,4329,"nonviolent",200
"all","all",-13.253588012171,2.4875784570514e-39,-26.4764434180139,1.99768118593245,4329,"nonviolent",500
"all","all",-3.57722657408047,0.000351057634977293,-0.479676674364896,0.134091778765285,4329,"violent",100
"all","all",-2.24898573851606,0.0245634773506948,-0.547113163972286,0.243271068643274,4329,"violent",200
"all","all",-0.0707950327526277,0.943564155330416,-0.0394919168591224,0.557834572901678,4329,"violent",500
